Date,Open,High,Low,Close,Adj Close,Volume,TwitterSentiment
2017-01-03,62.790001,62.84,62.130001,62.580002,58.538418,20694100,0.49925299
2017-01-04,62.48,62.75,62.119999,62.299999,58.276497,21340000,-0.995186195
2017-01-05,62.189999,62.66,62.029999,62.299999,58.276497,24876000,0.318698227
2017-01-06,62.299999,63.150002,62.040001,62.84,58.781628,19922900,-0.348996778
2017-01-09,62.759998,63.080002,62.540001,62.639999,58.594547,20382700,-0.074359914
2017-01-10,62.73,63.07,62.279999,62.619999,58.575832,18593000,-0.977744386
2017-01-11,62.610001,63.23,62.43,63.189999,59.109024,21517300,-0.981694967
2017-01-12,63.060001,63.400002,61.950001,62.610001,58.566483,20968200,-0.97798866
2017-01-13,62.619999,62.869999,62.349998,62.700001,58.650673,19422300,-0.4797405
2017-01-17,62.68,62.700001,62.029999,62.529999,58.491653,20664000,-0.996626109
2017-01-18,62.669998,62.700001,62.119999,62.5,58.463589,19670100,-0.999344607
2017-01-19,62.240002,62.98,62.200001,62.299999,58.276497,18451700,0.088635057
2017-01-20,62.669998,62.82,62.369999,62.740002,58.688091,30213500,-0.072070509
2017-01-23,62.700001,63.119999,62.57,62.959999,58.893887,23097600,-0.057100207
2017-01-24,63.200001,63.740002,62.939999,63.52,59.417717,24672900,-0.97863844
2017-01-25,63.950001,64.099998,63.450001,63.68,59.567375,23672700,-0.548113659
2017-01-26,64.120003,64.540001,63.549999,64.269997,60.11927,43554600,-0.066103235
2017-01-27,65.389999,65.910004,64.889999,65.779999,61.531754,44818000,-0.56753552
2017-01-30,65.690002,65.790001,64.800003,65.129997,60.923737,31651400,-0.464981273
2017-01-31,64.860001,65.150002,64.260002,64.650002,60.474731,25270500,-0.563280299
2017-02-01,64.360001,64.620003,63.470001,63.580002,59.47385,39671500,-0.454927683
2017-02-02,63.25,63.41,62.75,63.169998,59.090317,45827000,0.00906837
2017-02-03,63.5,63.700001,63.07,63.68,59.567375,30301800,-0.39475508
2017-02-06,63.5,63.650002,63.139999,63.639999,59.529961,19796400,0.012166545
2017-02-07,63.740002,63.779999,63.23,63.43,59.333527,20277200,-0.991362542
2017-02-09,63.52,64.440002,63.32,64.059998,59.92284,22644400,-0.999088546
2017-02-10,64.25,64.300003,63.98,64,59.866722,18170700,-0.484438568
2017-02-13,64.239998,64.860001,64.129997,64.720001,60.540215,22920100,-0.999498447
2017-02-14,64.410004,64.720001,64.019997,64.57,60.766087,23108400,-0.872682214
2017-02-15,64.5,64.57,64.160004,64.529999,60.728432,17005200,-0.17344592
2017-02-16,64.739998,65.239998,64.440002,64.519997,60.719021,20546300,0.84427911
2017-02-17,64.470001,64.690002,64.300003,64.620003,60.813133,21248800,0.979773164
2017-02-21,64.610001,64.949997,64.449997,64.489998,60.690792,20655900,-0.960904956
2017-02-22,64.330002,64.389999,64.050003,64.360001,60.568455,19292700,0.193000108
2017-02-24,64.529999,64.800003,64.139999,64.620003,60.813133,21796800,-0.428819016
2017-02-27,64.540001,64.540001,64.050003,64.230003,60.44611,15871500,-0.381916374
2017-02-28,64.080002,64.199997,63.759998,63.98,60.210835,23239800,-0.991624951
2017-03-01,64.129997,64.989998,64.019997,64.940002,61.114292,26937500,0.715359807
2017-03-02,64.690002,64.75,63.880001,64.010002,60.239067,24539600,-0.997382522
2017-03-03,63.990002,64.279999,63.619999,64.25,60.464928,18135900,0.494450882
2017-03-06,63.970001,64.559998,63.810001,64.269997,60.483749,18750300,0.753750294
2017-03-08,64.260002,65.080002,64.25,64.989998,61.161335,21510900,-0.832036018
2017-03-09,65.190002,65.199997,64.480003,64.730003,60.91666,19846800,-0.999807894
2017-03-10,65.110001,65.260002,64.75,64.93,61.104862,19538200,0.715359807
2017-03-13,65.010002,65.190002,64.57,64.709999,60.897831,20100000,-0.976414442
2017-03-14,64.529999,64.550003,64.150002,64.410004,60.615509,14280200,-0.425293724
2017-03-15,64.550003,64.919998,64.25,64.75,60.935478,24833800,-0.946988523
2017-03-16,64.75,64.760002,64.300003,64.639999,60.831951,20674300,0.786539108
2017-03-20,64.910004,65.18,64.720001,64.93,61.104862,14598100,0.998252571
2017-03-21,65.190002,65.5,64.129997,64.209999,60.42728,26640500,-0.17706579
2017-03-22,64.120003,65.139999,64.120003,65.029999,61.198975,20680000,-0.334575772
2017-03-23,64.940002,65.239998,64.769997,64.870003,61.048401,19269200,-0.140730739
2017-03-24,65.360001,65.449997,64.760002,64.980003,61.151939,22617100,-0.995636046
2017-03-27,64.629997,65.220001,64.349998,65.099998,61.264854,18614700,-0.978034675
2017-03-28,64.959999,65.470001,64.650002,65.290001,61.443665,20080400,-0.470927447
2017-03-29,65.120003,65.5,64.949997,65.470001,61.61306,13618400,0.574825644
2017-03-30,65.419998,65.980003,65.360001,65.709999,61.838917,15122800,-0.397681693
2017-04-03,65.809998,65.940002,65.190002,65.550003,61.688347,20400900,-0.52549547
2017-04-04,65.389999,65.809998,65.279999,65.730003,61.85775,12997400,0.574825644
2017-04-05,66.300003,66.349998,65.440002,65.559998,61.697758,21448600,-0.593390599
2017-04-06,65.599998,66.059998,65.480003,65.730003,61.85775,18103500,0.165660997
2017-04-07,65.849998,65.959999,65.440002,65.68,61.810692,14108500,0.930376261
2017-04-10,65.610001,65.82,65.360001,65.529999,61.669502,17952700,0.728072524
2017-04-11,65.599998,65.610001,64.849998,65.480003,61.622463,18791500,-0.566398785
2017-04-12,65.419998,65.510002,65.110001,65.230003,61.387192,17108500,-0.098337501
2017-04-13,65.290001,65.860001,64.949997,64.949997,61.123684,17896500,0.812510028
2017-04-18,65.330002,65.709999,65.160004,65.389999,61.537777,15155600,-0.068387881
2017-04-19,65.650002,65.75,64.889999,65.040001,61.208393,26992800,-0.991327077
2017-04-20,65.459999,65.75,65.139999,65.5,61.641296,22299500,0.616051316
2017-04-21,65.669998,66.699997,65.449997,66.400002,62.488274,32522600,-0.882323653
2017-04-24,67.480003,67.660004,67.099998,67.529999,63.551697,29770000,-0.084418342
2017-04-25,67.900002,68.040001,67.599998,67.919998,63.918732,30242700,-0.218862563
2017-04-26,68.080002,68.309998,67.620003,67.830002,63.83403,26190800,-0.080414936
2017-04-27,68.150002,68.379997,67.580002,68.269997,64.2481,34971000,-0.935534447
2017-04-28,68.910004,69.139999,67.690002,68.459999,64.42691,39548800,-0.443327218
2017-05-01,68.68,69.550003,68.5,69.410004,65.320953,31954400,-0.440380454
2017-05-02,69.709999,69.709999,69.129997,69.300003,65.21743,23906100,0.088083774
2017-05-03,69.379997,69.379997,68.709999,69.080002,65.010406,28928000,0.286360383
2017-05-04,69.029999,69.080002,68.639999,68.809998,64.756287,21749400,-0.597227871
2017-05-05,68.900002,69.029999,68.489998,69,64.935097,19128800,-0.90818283
2017-05-08,68.970001,69.050003,68.419998,68.940002,64.878624,18566100,-0.849464864
2017-05-09,68.860001,69.279999,68.68,69.040001,64.972763,22858400,-0.946360926
2017-05-10,68.989998,69.559998,68.919998,69.309998,65.226837,17977800,-0.972547591
2017-05-11,68.360001,68.730003,68.120003,68.459999,64.42691,28789400,-0.983294144
2017-05-12,68.610001,68.610001,68.040001,68.379997,64.351639,18714100,0.477383628
2017-05-15,68.139999,68.480003,67.57,68.43,64.398674,31530300,0.323964377
2017-05-16,68.230003,69.440002,68.160004,69.410004,65.695374,34956000,-0.057206333
2017-05-17,68.889999,69.099998,67.43,67.480003,63.868652,30548800,-0.894066006
2017-05-18,67.400002,68.129997,67.139999,67.709999,64.086342,25201300,0.776314437
2017-05-19,67.5,68.099998,67.43,67.690002,64.067421,26961100,-0.922927777
2017-05-22,67.889999,68.5,67.5,68.449997,64.786751,16237600,-0.102280751
2017-05-23,68.720001,68.75,68.379997,68.68,65.004425,15425800,-0.36799036
2017-05-25,68.970001,69.879997,68.910004,69.620003,65.894119,21854100,-0.880380213
2017-05-26,69.800003,70.220001,69.519997,69.959999,66.215904,19827900,-0.331490835
2017-05-30,69.790001,70.410004,69.769997,70.410004,66.641869,17072800,-0.090319455
2017-05-31,70.529999,70.739998,69.809998,69.839996,66.102333,30436400,-0.125581965
2017-06-01,70.239998,70.610001,69.449997,70.099998,66.348419,21603600,-0.989035308
2017-06-02,70.440002,71.860001,70.239998,71.760002,67.919594,34770300,-0.999518991
2017-06-05,71.970001,72.889999,71.809998,72.279999,68.411766,33316800,0.422630787
2017-06-06,72.300003,72.620003,72.269997,72.519997,68.638924,31511100,-0.353229503
2017-06-08,72.510002,72.519997,71.5,71.949997,68.099426,24588300,0.878974855
2017-06-09,72.040001,72.080002,68.589996,70.32,66.556664,49187400,0.84617722
2017-06-12,69.25,69.940002,68.129997,69.779999,66.045563,47761700,0.366260961
2017-06-13,70.019997,70.82,69.959999,70.650002,66.869003,25258600,0.715359807
2017-06-14,70.910004,71.099998,69.43,70.269997,66.509346,25510700,-0.03090696
2017-06-15,69.269997,70.209999,68.800003,69.900002,66.159142,26068700,-0.703190982
2017-06-16,69.730003,70.029999,69.220001,70,66.253792,48345100,-0.332490683
2017-06-19,70.5,70.940002,70.349998,70.870003,67.077225,23798300,-0.442142755
2017-06-20,70.82,70.870003,69.870003,69.910004,66.168587,21512200,-0.049081072
2017-06-21,70.209999,70.620003,69.940002,70.269997,66.509346,19891100,-0.313834965
2017-06-22,70.540001,70.589996,69.709999,70.260002,66.499878,22965700,-0.420095404
2017-06-26,71.400002,71.709999,70.440002,70.529999,66.755417,19607000,-0.027079046
2017-06-27,70.110001,70.18,69.18,69.209999,65.506065,25215100,0.395016089
2017-06-28,69.209999,69.839996,68.790001,69.800003,66.064491,25806200,0.715359807
2017-06-29,69.379997,69.489998,68.089996,68.489998,64.8246,28918700,-0.974102959
2017-06-30,68.779999,69.379997,68.739998,68.93,65.241043,24161100,-0.999873519
2017-07-03,69.330002,69.599998,68.019997,68.169998,64.521713,16165500,0.714355409
2017-07-05,68.260002,69.440002,68.220001,69.080002,65.383018,21176300,-0.030214727
2017-07-06,68.269997,68.779999,68.120003,68.57,64.900314,21117600,-0.911523918
2017-07-07,68.699997,69.839996,68.699997,69.459999,65.742683,16878300,0.105218112
2017-07-10,69.459999,70.25,69.199997,69.980003,66.234863,15014500,-0.358333766
2017-07-12,70.690002,71.279999,70.550003,71.150002,67.342255,17750900,0.308518151
2017-07-13,71.5,72.040001,71.309998,71.769997,67.929054,20269800,-0.318669736
2017-07-14,72.239998,73.269997,71.959999,72.779999,68.88501,25868100,-0.919382632
2017-07-17,72.800003,73.449997,72.720001,73.349998,69.424522,21803900,0.469080374
2017-07-18,73.089996,73.389999,72.660004,73.300003,69.377174,26435300,-0.492720842
2017-07-19,73.5,74.040001,73.449997,73.860001,69.907188,22416200,-0.390541598
2017-07-20,74.18,74.300003,73.279999,74.220001,70.247955,42361000,-0.852594927
2017-07-21,73.449997,74.290001,73.169998,73.790001,69.840958,46717100,0.86613819
2017-07-24,73.529999,73.75,73.129997,73.599998,69.66114,21394800,-0.016889855
2017-07-25,73.800003,74.309998,73.5,74.190002,70.219559,22018700,-0.088377088
2017-07-26,74.339996,74.379997,73.809998,74.050003,70.087036,16252200,-0.073811352
2017-07-27,73.760002,74.419998,72.32,73.160004,69.244667,36844200,-0.501819238
2017-07-28,72.669998,73.309998,72.540001,73.040001,69.131088,18306700,-0.939831942
2017-07-31,73.300003,73.440002,72.410004,72.699997,68.809288,23600100,-0.513977438
2017-08-01,73.099998,73.419998,72.489998,72.580002,68.695724,22132300,-0.97180967
2017-08-02,72.550003,72.559998,71.440002,72.260002,68.392838,26499200,-0.141577035
2017-08-03,72.190002,72.440002,71.849998,72.150002,68.288727,18214400,-0.342017194
2017-08-04,72.400002,73.040001,72.239998,72.68,68.790367,22579000,-0.989375085
2017-08-07,72.800003,72.900002,72.260002,72.400002,68.525352,18705700,-0.570694402
2017-08-08,72.089996,73.129997,71.75,72.790001,68.894485,22044600,0.018255308
2017-08-09,72.25,72.510002,72.050003,72.470001,68.591614,22213400,0.480163336
2017-08-10,71.900002,72.190002,71.349998,71.410004,67.588326,24734500,-0.788063556
2017-08-11,71.610001,72.699997,71.279999,72.5,68.619987,21443700,-0.990856588
2017-08-14,73.059998,73.720001,72.949997,73.589996,69.651657,20096600,0.416975245
2017-08-15,73.589996,73.589996,73.040001,73.220001,69.670692,19181400,0.235442132
2017-08-16,73.339996,74.099998,73.169998,73.650002,70.079849,18150400,-0.023435295
2017-08-18,72.269997,72.839996,71.93,72.489998,68.976074,18761500,-0.292130967
2017-08-21,72.470001,72.480003,71.699997,72.150002,68.65255,17734800,-0.999734104
2017-08-23,72.959999,73.150002,72.529999,72.720001,69.194946,13766500,0.412024955
2017-08-24,72.739998,72.860001,72.07,72.690002,69.166374,17098300,-0.848324552
2017-08-25,72.860001,73.349998,72.480003,72.82,69.29007,12794300,-0.94640106
2017-08-28,73.059998,73.089996,72.550003,72.830002,69.299599,14569700,-0.978512645
2017-08-29,72.25,73.160004,72.050003,73.050003,69.508934,11478400,-0.916264474
2017-08-30,73.010002,74.209999,72.830002,74.010002,70.422394,16897800,-0.549011186
2017-08-31,74.029999,74.959999,73.800003,74.769997,71.145569,27652800,-0.47805959
2017-09-01,74.709999,74.739998,73.639999,73.940002,70.355797,21736200,-0.965964079
2017-09-05,73.339996,73.889999,72.980003,73.610001,70.041794,21556000,0.131163031
2017-09-06,73.739998,74.040001,73.349998,73.400002,69.841957,16535800,-0.968148172
2017-09-07,73.68,74.599998,73.599998,74.339996,70.736397,17471200,-0.933570802
2017-09-08,74.330002,74.440002,73.839996,73.980003,70.393852,14703800,-0.623714745
2017-09-11,74.309998,74.940002,74.309998,74.760002,71.13604,17910400,-0.851966321
2017-09-12,74.760002,75.239998,74.370003,74.68,71.059929,14394900,0.065526411
2017-09-14,75,75.489998,74.519997,74.769997,71.145569,15733900,-0.499589399
2017-09-15,74.830002,75.389999,74.07,75.309998,71.65937,38578400,0.387492716
2017-09-18,75.230003,75.970001,75.040001,75.160004,71.516655,23307000,-0.035159856
2017-09-19,75.209999,75.709999,75.010002,75.440002,71.783089,16093300,-0.069006681
2017-09-20,75.349998,75.550003,74.309998,74.940002,71.307312,21587900,-0.13392064
2017-09-21,75.110001,75.239998,74.110001,74.209999,70.612694,19186100,-0.484964594
2017-09-22,73.989998,74.510002,73.849998,74.410004,70.803001,14111400,0.70644927
2017-09-25,74.089996,74.25,72.919998,73.260002,69.708748,24149200,0.903559685
2017-09-26,73.669998,73.809998,72.989998,73.260002,69.708748,18019600,-0.787172973
2017-09-28,73.540001,73.970001,73.309998,73.870003,70.289185,10883800,-0.992169678
2017-09-29,73.940002,74.540001,73.879997,74.489998,70.879135,17079100,-0.961670756
2017-10-02,74.709999,75.010002,74.300003,74.610001,70.993301,15304800,-0.001489758
2017-10-03,74.669998,74.879997,74.190002,74.260002,70.660278,12190400,-0.998579383
2017-10-04,74.089996,74.720001,73.709999,74.690002,71.069435,13317700,-0.905711874
2017-10-05,75.220001,76.120003,74.959999,75.970001,72.287384,21195300,-0.791008949
2017-10-06,75.669998,76.029999,75.540001,76,72.315926,13959800,-0.295580904
2017-10-09,75.970001,76.550003,75.860001,76.290001,72.591873,11386500,0.002644867
2017-10-11,76.360001,76.459999,75.949997,76.419998,72.715576,15388900,-0.00465554
2017-10-12,76.489998,77.290001,76.370003,77.120003,73.381638,16876500,-0.505372494
2017-10-13,77.589996,77.870003,77.290001,77.489998,73.733704,15335700,-0.997504294
2017-10-16,77.419998,77.809998,77.349998,77.650002,73.885948,12380100,0.680718482
2017-10-17,77.470001,77.620003,77.25,77.589996,73.828857,16824000,-0.999887824
2017-10-18,77.669998,77.849998,77.370003,77.610001,73.847878,13300700,0.295993487
2017-10-19,77.57,77.93,77.349998,77.910004,74.133339,15092800,-0.999244332
2017-10-20,78.32,78.970001,78.220001,78.809998,74.989723,22866400,0.997071385
2017-10-23,78.989998,79.339996,78.760002,78.830002,75.008759,20627200,-0.919501975
2017-10-24,78.900002,79.199997,78.459999,78.860001,75.037285,17517200,-0.500170663
2017-10-25,78.580002,79.099998,78.010002,78.629997,74.818451,20410800,-0.897210697
2017-10-26,79.199997,79.419998,78.75,78.760002,74.942123,32120700,-0.034209296
2017-10-27,84.370003,86.199997,83.610001,83.809998,79.74733,71066700,0.498232901
2017-10-30,83.699997,84.330002,83.110001,83.889999,79.823456,31756700,-0.995991766
2017-10-31,84.360001,84.360001,83.110001,83.18,79.147881,27086600,-0.912093222
2017-11-01,83.68,83.760002,82.879997,83.18,79.147881,22307400,0.990581393
2017-11-03,84.080002,84.540001,83.400002,84.139999,80.061348,17633500,0.715359807
2017-11-06,84.199997,84.699997,84.080002,84.470001,80.375351,19860900,-0.99167794
2017-11-07,84.769997,84.900002,83.93,84.269997,80.185036,17939700,-0.999623537
2017-11-08,84.139999,84.610001,83.830002,84.559998,80.460976,18034200,-0.623714745
2017-11-09,84.110001,84.269997,82.900002,84.089996,80.013756,21178400,-0.991157323
2017-11-10,83.790001,84.099998,83.230003,83.870003,79.804436,19397800,-0.998730719
2017-11-14,83.5,84.099998,82.980003,84.050003,79.975708,18801300,-0.12421006
2017-11-15,83.470001,83.690002,82.690002,82.980003,79.354126,19383100,-0.006704196
2017-11-16,83.099998,83.419998,82.940002,83.199997,79.564484,20962800,-0.640689731
2017-11-17,83.120003,83.120003,82.239998,82.400002,78.799461,22079000,-0.493276551
2017-11-21,82.739998,83.839996,82.739998,83.720001,80.061783,21237500,0.737319112
2017-11-22,83.830002,83.900002,83.040001,83.110001,79.478439,20553100,-0.927452073
2017-11-27,83.309998,83.980003,83.300003,83.870003,80.205231,18265200,-0.94829765
2017-11-28,84.07,85.059998,84.019997,84.879997,81.171082,21926000,0.292418957
2017-11-29,84.709999,84.919998,83.18,83.339996,79.69838,27381100,-0.249332666
2017-11-30,83.510002,84.519997,83.339996,84.169998,80.492119,33054600,0.715359807
2017-12-01,83.599998,84.809998,83.220001,84.260002,80.578171,29532100,-0.054890275
2017-12-04,84.419998,84.43,80.699997,81.080002,77.537148,39094900,-0.348281105
2017-12-05,81.339996,82.68,80.980003,81.589996,78.024841,26152300,-0.999869227
2017-12-06,81.550003,83.139999,81.43,82.779999,79.162842,26162100,0.095242828
2017-12-07,82.540001,82.800003,82,82.489998,78.885513,23184500,-0.993852973
2017-12-11,84.290001,85.370003,84.120003,85.230003,81.505791,22857900,-0.623714745
2017-12-12,85.309998,86.050003,85.080002,85.580002,81.8405,23924100,-0.927910626
2017-12-13,85.739998,86,85.169998,85.349998,81.620537,22062700,0.92031154
2017-12-14,85.43,85.870003,84.529999,84.690002,80.989388,19306000,-0.80555588
2017-12-15,85.260002,87.089996,84.879997,86.849998,83.055,53936700,-0.178522497
2017-12-19,86.349998,86.349998,85.269997,85.830002,82.079582,23524800,0.999702394
2017-12-20,86.199997,86.300003,84.709999,85.519997,81.783127,23674900,-0.792765915
2017-12-21,86.050003,86.099998,85.400002,85.5,81.764,17990700,0.999410272
2017-12-22,85.400002,85.629997,84.919998,85.510002,81.77356,14145800,0.126859099
2017-12-26,85.309998,85.529999,85.029999,85.400002,81.668373,9891200,-0.975909531
2017-12-27,85.650002,85.980003,85.220001,85.709999,81.964813,14678000,-0.985087057
2017-12-28,85.900002,85.93,85.550003,85.720001,81.97438,10594300,-0.950804204
2017-12-29,85.629997,86.050003,85.5,85.540001,81.802261,18717400,-0.999774516
2018-01-02,86.129997,86.309998,85.5,85.949997,82.194328,22483800,0.903049767
2018-01-04,86.589996,87.660004,86.57,87.110001,83.303658,21912000,-0.825316101
2018-01-09,88.650002,88.730003,87.860001,88.220001,84.365158,19484300,-0.930841073
2018-01-10,87.860001,88.190002,87.410004,87.82,83.982628,18652200,-0.001132727
2018-01-11,88.129997,88.129997,87.239998,88.080002,84.231262,17808900,-0.942275137
2018-01-12,88.669998,89.779999,88.449997,89.599998,85.684837,24271500,-0.427885443
2018-01-17,89.080002,90.279999,88.75,90.139999,86.201241,25621200,-0.403966447
2018-01-18,89.800003,90.669998,89.660004,90.099998,86.163002,24159700,-0.908642605
2018-01-19,90.139999,90.610001,89.660004,90,86.067368,36875000,-0.875177383
2018-01-22,90,91.620003,89.739998,91.610001,87.607018,23601600,-0.431006983
2018-01-23,91.900002,92.300003,91.540001,91.900002,87.884354,23412800,-0.992378145
2018-01-24,92.550003,93.43,91.580002,91.82,87.807838,33277500,-0.995432734
2018-01-25,92.470001,93.239998,91.93,92.330002,88.29557,26383200,-0.306866427
2018-01-29,95.139999,95.449997,93.720001,93.919998,89.816078,31569900,-0.023812488
2018-01-30,93.300003,93.660004,92.099998,92.739998,88.687645,38635100,0.000281304
2018-01-31,93.75,95.400002,93.510002,95.010002,90.858444,48756300,-0.436306655
2018-02-01,94.790001,96.07,93.580002,94.260002,90.141228,47227900,-0.068403125
2018-02-02,93.639999,93.970001,91.5,91.779999,87.769577,47867800,-0.011021703
2018-02-05,90.559998,93.239998,88,88,84.15477,51031500,-0.030068099
2018-02-06,86.889999,91.480003,85.25,91.330002,87.339241,67998600,-0.008584648
2018-02-07,90.489998,91.769997,89.199997,89.610001,85.694405,41107600,-0.048213571
2018-02-08,89.709999,89.879997,84.760002,85.010002,81.295418,55628700,0.715359807
2018-02-09,86.300003,88.93,83.830002,88.18,84.326889,63499100,0.715359807
2018-02-12,88.739998,89.779999,87.93,89.129997,85.235382,35720300,0.996668756
2018-02-13,88.93,90,87.800003,89.830002,85.904808,26407700,-0.972174823
2018-02-14,88.510002,90.989998,88.410004,90.809998,87.249916,34960900,0.124540448
2018-02-15,91.209999,92.720001,90.620003,92.660004,89.02739,27823900,-0.986030698
2018-02-20,91.480003,93.059998,91.010002,92.720001,89.085037,30911700,-0.879562587
2018-02-21,92.980003,93.360001,91.489998,91.489998,87.903244,26922500,-0.988494337
2018-02-22,92.050003,92.730003,91.360001,91.730003,88.133842,24392800,-0.899877146
2018-02-26,94.400002,95.449997,94.25,95.419998,91.679169,30199800,0.245031099
2018-02-27,95.739998,95.839996,94.199997,94.199997,90.507004,25869100,-0.930844128
2018-02-28,94.839996,95.709999,93.629997,93.769997,90.093872,31167300,-0.529995084
2018-03-07,93.160004,93.940002,92.43,93.860001,90.180336,26716100,-0.999495029
2018-03-08,94.269997,95.099998,93.769997,94.43,90.727989,25887800,-0.933292568
2018-03-09,95.290001,96.540001,95,96.540001,92.755272,36937300,-0.075865149
2018-03-12,96.5,97.209999,96.040001,96.769997,92.97625,26073700,0.715359807
2018-03-14,95.120003,95.410004,93.5,93.849998,90.170731,32132000,0.994327486
2018-03-19,93.739998,93.900002,92.110001,92.889999,89.24836,33344100,0.975548625
2018-03-20,93.050003,93.769997,93,93.129997,89.478951,23075200,-0.42501241
2018-03-21,92.93,94.050003,92.209999,92.480003,88.854446,24457100,-0.982253939
2018-03-22,91.269997,91.75,89.660004,89.790001,86.269905,38604700,-0.024448991
2018-03-23,89.5,90.459999,87.080002,87.18,83.76223,44068900,-0.107898682
2018-03-26,90.610001,94,90.400002,93.779999,90.10347,56396800,0.465493232
2018-03-27,94.940002,95.139999,88.510002,89.470001,85.962448,56569000,-0.016781837
2018-03-28,89.82,91.230003,88.870003,89.389999,85.885574,52501100,-0.993967354
2018-03-29,90.18,92.290001,88.400002,91.269997,87.691879,45867500,0.95821017
2018-04-04,87.849998,92.760002,87.730003,92.330002,88.710327,35560000,0.940499157
2018-04-05,92.440002,93.07,91.400002,92.379997,88.758362,29771900,0.257988771
2018-04-06,91.489998,92.459999,89.480003,90.230003,86.692642,38026000,0.886074364
2018-04-09,91.040001,93.169998,90.620003,90.769997,87.211479,31533900,-0.13344419
2018-04-10,92.389999,93.279999,91.639999,92.879997,89.238754,26812000,0.327891866
2018-04-11,92.010002,93.290001,91.480003,91.860001,88.258743,24872100,-0.880535007
2018-04-12,92.43,94.160004,92.43,93.580002,89.911316,26758900,-0.891117811
2018-04-13,94.050003,94.18,92.440002,93.080002,89.430923,23346100,-0.931711495
2018-04-16,94.07,94.660004,93.419998,94.169998,90.47818,20288100,0.855333706
2018-04-17,95,96.540001,94.879997,96.07,92.303688,26771000,0.041451409
2018-04-18,96.220001,96.720001,95.519997,96.440002,92.659195,21043300,-0.132512957
2018-04-19,96.440002,97.07,95.339996,96.110001,92.342125,23552500,-0.574397251
2018-04-20,95.910004,96.110001,94.050003,95,91.275635,31154400,-0.740085244
2018-04-23,95.739998,96.290001,94.629997,95.349998,91.611923,22331800,-0.442566589
2018-04-24,96.239998,96.470001,92.410004,93.120003,89.469337,34524800,-0.511124671
2018-04-25,93.300003,93.300003,90.279999,92.309998,88.691101,33729300,-0.311193566
2018-04-26,93.550003,95.150002,93.099998,94.260002,90.564659,42529000,-0.44802855
2018-04-27,97.599998,97.900002,93.910004,95.82,92.063492,48272800,-0.010542884
2018-04-30,96.330002,96.400002,93.150002,93.519997,89.853653,41523600,-0.53111285
2018-05-02,94.989998,95.169998,93.190002,93.510002,89.844063,27471000,-0.932236572
2018-05-03,92.959999,94.93,92.449997,94.07,90.382095,31142500,-0.136203304
2018-05-04,93.32,95.370003,92.919998,95.160004,91.429367,22531300,-0.471585736
2018-05-07,95.169998,96.709999,95.099998,96.220001,92.447807,24242000,-0.999166831
2018-05-08,95.849998,96.160004,95.059998,95.809998,92.053879,23484600,-0.551553398
2018-05-09,96.010002,96.970001,95.050003,96.940002,93.139587,27327400,-0.928580269
2018-05-10,97.459999,97.949997,97.050003,97.910004,94.071556,22388100,-0.550831631
2018-05-11,97.800003,97.870003,97.040001,97.699997,93.869774,16778300,-0.999606147
2018-05-14,97.919998,98.690002,97.309998,98.029999,94.186859,19454100,-0.803463623
2018-05-15,97.239998,97.849998,96.339996,97.32,93.504684,24594000,-0.536499053
2018-05-16,97.360001,97.400002,96.620003,97.150002,93.745926,17384700,-0.998317465
2018-05-17,96.760002,97.540001,95.830002,96.18,92.809929,17246700,-0.997521624
2018-05-18,96.010002,96.93,96.010002,96.360001,92.983612,17865800,-0.484804437
2018-05-21,97,98.010002,96.800003,97.599998,94.180168,19422500,-0.903642192
2018-05-22,97.68,98.169998,97.199997,97.5,94.083664,15441200,-0.995961949
2018-05-23,96.709999,98.730003,96.32,98.660004,95.203033,21251200,-0.994173288
2018-05-24,98.730003,98.940002,96.809998,98.309998,94.86528,26649300,-0.577186763
2018-05-25,98.300003,98.980003,97.860001,98.360001,94.913544,18363900,-0.996158585
2018-05-29,97.839996,98.879997,97.230003,98.010002,94.575783,28671000,-0.594817311
2018-05-30,98.309998,99.25,97.910004,98.949997,95.482864,22158500,-0.127075508
2018-05-31,99.290001,99.989998,98.610001,98.839996,95.376717,34140900,-0.989120901
2018-06-01,99.279999,100.860001,99.169998,100.790001,97.258377,28655600,-0.562916592
2018-06-04,101.260002,101.860001,100.849998,101.669998,98.107552,27281600,-0.087044716
2018-06-05,102,102.330002,101.529999,102.190002,98.609337,23514400,-0.530830786
2018-06-06,102.480003,102.599998,101.900002,102.489998,98.898811,21122900,0.138258338
2018-06-07,102.650002,102.690002,100.379997,100.879997,97.345245,28232200,-0.997604162
2018-06-08,101.089996,101.949997,100.540001,101.629997,98.068954,22165100,-0.619047791
2018-06-11,101.010002,101.589996,100.669998,101.050003,97.509277,23490900,-0.088707998
2018-06-12,101.099998,101.449997,100.75,101.309998,97.76017,18325200,-0.981882706
2018-06-13,101.720001,102.010002,100.559998,100.849998,97.316292,29492900,-0.994942039
2018-06-14,101.650002,102.029999,101,101.419998,97.866302,25691800,-0.526367173
2018-06-15,101.510002,101.529999,100.07,100.129997,96.621513,65738600,0.365304947
2018-06-18,100.010002,101.110001,99.419998,100.860001,97.325951,23586000,-0.998801708
2018-06-19,99.650002,101,99.5,100.860001,97.325951,28653100,-0.933325648
2018-06-20,101.370003,102.519997,101.120003,101.870003,98.300552,26180800,-0.989926621
2018-06-21,102.080002,102.459999,100.879997,101.139999,97.596138,23198200,-0.893067569
2018-06-22,100.410004,100.769997,99.629997,100.410004,96.891708,38923100,-0.998420268
2018-06-25,100,100.110001,97.300003,98.389999,94.94249,35433300,-0.942871898
2018-06-26,98.82,100.080002,98.75,99.080002,95.608315,26897200,-0.620882764
2018-06-27,99.580002,100.019997,97.400002,97.540001,94.122284,31298400,-0.509743512
2018-06-28,97.379997,99.110001,97.260002,98.629997,95.174072,26650700,-0.967970043
2018-06-29,98.93,99.910004,98.330002,98.610001,95.154778,28053200,-0.998318881
2018-07-02,98.099998,100.059998,98,100.010002,96.505722,19564500,-0.999670029
2018-07-03,100.480003,100.629997,98.940002,99.050003,95.579369,14670300,-0.626873285
2018-07-05,99.5,99.919998,99.029999,99.760002,96.264488,18977400,0.255403817
2018-07-06,99.889999,101.43,99.669998,101.160004,97.61544,19234600,-0.99928838
2018-07-09,101.650002,102.25,101.25,101.849998,98.281242,18212000,-0.995619118
2018-07-10,102,102.510002,101.860001,102.120003,98.541786,19293100,-0.991301358
2018-07-11,101.150002,102.339996,101.099998,101.980003,98.406693,19644600,-0.366772711
2018-07-12,102.769997,104.410004,102.730003,104.190002,100.539253,24335900,-0.468148068
2018-07-13,104.370003,105.599998,104.089996,105.43,101.735802,24635200,-0.978711352
2018-07-16,105.400002,105.82,104.519997,104.910004,101.234032,21786900,-0.009296
2018-07-17,104.610001,106.5,104.32,105.949997,102.237595,25901700,-0.526311636
2018-07-18,105.940002,106.050003,104.720001,105.120003,101.436676,29493900,-0.5658454
2018-07-19,104.93,105.309998,103.889999,104.400002,100.741905,40171600,-0.839366645
2018-07-20,108.080002,108.199997,106.080002,106.269997,102.546371,56004000,-0.45683001
2018-07-23,106.300003,108.139999,106.129997,107.970001,104.186806,29707000,-0.020073593
2018-07-24,108.57,108.82,107.260002,107.660004,103.887672,26316600,-0.421192482
2018-07-25,107.959999,111.150002,107.599998,110.830002,106.946594,30702100,-0.497090071
2018-07-26,110.739998,111,109.5,109.620003,105.778992,31372100,-0.993779004
2018-07-27,110.18,110.18,106.139999,107.68,103.906967,37005300,-0.241538137
2018-07-30,107.190002,107.529999,104.760002,105.370003,101.677917,34668300,-0.460457265
2018-07-31,106.489998,106.720001,105.379997,106.080002,102.363037,27655200,-0.499685034
2018-08-01,106.029999,106.449997,105.419998,106.279999,102.55603,23628700,-0.079368725
2018-08-02,105.400002,108.089996,104.839996,107.57,103.800819,26104300,-0.498491272
2018-08-03,107.800003,108.050003,106.82,108.040001,104.254356,18659600,-0.50554882
2018-08-06,108.120003,108.419998,107.559998,108.129997,104.341194,20265900,-0.61088331
2018-08-07,108.559998,109.099998,108.169998,108.879997,105.064926,16080200,-0.997727916
2018-08-08,109.330002,109.75,108.760002,109.489998,105.653549,15487500,-0.619158447
2018-08-09,109.709999,110.160004,109.599998,109.669998,105.82724,13677200,-0.98027508
2018-08-10,109.419998,109.690002,108.379997,109,105.180717,18183700,-0.460655153
2018-08-13,109.239998,109.580002,108.099998,108.209999,104.418396,18472500,-0.507652774
2018-08-14,108.559998,109.75,108.040001,109.559998,105.7211,16788300,-0.477381289
2018-08-15,108.489998,108.989998,106.82,107.660004,104.28746,29982800,-0.134504855
2018-08-16,108.300003,108.860001,107.300003,107.639999,104.268089,21384300,-0.62068221
2018-08-17,107.360001,107.900002,106.690002,107.580002,104.209976,18061500,-0.995225012
2018-08-20,107.510002,107.900002,106.480003,106.870003,103.522209,17914200,-0.999175668
2018-08-21,106.919998,107.349998,105.849998,105.980003,102.660103,22881900,-0.509114608
2018-08-22,105.849998,107.339996,105.779999,107.059998,103.706261,18000600,-0.990893617
2018-08-23,107.150002,108.18,106.870003,107.559998,104.190598,18167700,-0.610771433
2018-08-24,107.669998,108.559998,107.559998,108.400002,105.00428,17234000,-0.890466228
2018-08-27,109.269997,109.639999,108.510002,109.599998,106.166672,19662300,-0.576308578
2018-08-28,109.940002,110.5,109.790001,110.260002,106.806015,19151500,-0.996780947
2018-08-29,110.449997,112.029999,110.269997,112.019997,108.51088,20818000,-0.512951046
2018-08-30,111.669998,112.610001,111.440002,111.949997,108.443069,22798700,-0.620371476
2018-08-31,111.690002,112.779999,111.519997,112.330002,108.811172,23222700,-0.620222434
2018-09-04,110.849998,111.959999,110.220001,111.709999,108.210587,22634600,-0.983351722
2018-09-05,111.010002,111.419998,108.099998,108.489998,105.091461,32872400,-0.82244131
2018-09-06,108.25,108.989998,107.510002,108.739998,105.333626,23477600,-0.464522451
2018-09-07,108.230003,108.720001,107.230003,108.209999,104.820236,22498600,-0.960002363
2018-09-10,108.839996,109.639999,108.360001,109.379997,105.953583,20727900,-0.521055773
2018-09-11,108.900002,111.589996,108.889999,111.239998,107.755302,24301800,-0.994164258
2018-09-12,111.43,111.849998,110.510002,111.709999,108.210587,18891100,-0.99836567
2018-09-13,112.120003,113.730003,112.120003,112.910004,109.373001,26055600,-0.995795459
2018-09-14,113.360001,113.730003,112.440002,113.370003,109.818588,19122300,-0.606004491
2018-09-17,113.690002,113.699997,111.860001,112.139999,108.627121,20736500,-0.522508234
2018-09-18,112.190002,113.699997,111.720001,113.209999,109.663589,22170900,-0.901034445
2018-09-19,113.050003,113.32,111.040001,111.699997,108.20089,21728400,-0.609095797
2018-09-20,112.279999,113.800003,111.93,113.57,110.012314,23714500,-0.999150495
2018-09-21,114,115.290001,113.510002,114.260002,110.680717,71229700,-0.989675005
2018-09-24,113.029999,114.900002,112.220001,114.669998,111.077866,27334500,0.320646803
2018-09-25,114.800003,115.099998,113.75,114.449997,110.864746,22668000,0.205434054
2018-09-26,114.470001,115.059998,113.739998,113.980003,110.409492,19352000,-0.903904885
2018-10-01,114.75,115.68,114.730003,115.610001,111.988419,18883100,0.828996162
2018-10-02,115.300003,115.839996,114.440002,115.150002,111.542839,20787200,-0.997602046
2018-10-03,115.419998,116.18,114.93,115.169998,111.562202,16648000,-0.950545862
2018-10-04,114.610001,114.760002,111.629997,112.790001,109.256752,34821700,-0.76361537
2018-10-05,112.629997,113.169998,110.639999,112.129997,108.617439,29068900,0.299545944
2018-10-08,111.660004,112.029999,109.339996,110.849998,107.377533,29640600,-0.537508443
2018-10-09,111.139999,113.080002,110.800003,112.260002,108.743362,26198600,0.639251828
2018-10-10,111.239998,111.5,105.790001,106.160004,102.834457,61376300,-0.552192152
2018-10-11,105.349998,108.93,104.199997,105.910004,102.592285,63904300,-0.499019027
2018-10-12,109.010002,111.239998,107.120003,109.57,106.137634,47742100,-0.515189156
2018-10-15,108.910004,109.480003,106.949997,107.599998,104.229332,32068100,-0.411817491
2018-10-16,109.540001,111.410004,108.949997,111,107.522835,31610200,-0.172037065
2018-10-17,111.68,111.809998,109.550003,110.709999,107.241898,26548200,-0.436246082
2018-10-18,110.099998,110.529999,107.830002,108.5,105.101143,32506200,-0.97948128
2018-10-19,108.93,110.860001,108.209999,108.660004,105.256142,32785500,-0.947398692
2018-10-22,109.32,110.540001,108.239998,109.629997,106.195747,26545600,0.683145344
2018-10-23,107.769997,108.970001,105.110001,108.099998,104.713676,43770400,-0.917993397
2018-10-24,108.410004,108.489998,101.589996,102.32,99.114746,63897800,0.020608261
2018-10-25,106.550003,109.269997,106.150002,108.300003,104.907417,61646800,0.014603078
2018-10-26,105.690002,108.75,104.760002,106.959999,103.60939,55523100,-0.586887419
2018-10-29,108.110001,108.699997,101.629997,103.849998,100.596809,55162000,0.818121135
2018-10-30,103.660004,104.379997,100.110001,103.730003,100.480568,65350900,-0.90070273
2018-10-31,105.440002,108.139999,105.389999,106.809998,103.464081,51062400,0.088598087
2018-11-01,107.050003,107.32,105.529999,105.919998,102.601967,33384200,-0.995750248
2018-11-02,106.480003,107.32,104.980003,106.160004,102.834457,37680200,-0.121604711
2018-11-05,106.370003,107.739998,105.900002,107.510002,104.142166,27922100,-0.99502337
2018-11-06,107.379997,108.839996,106.279999,107.720001,104.345596,24340200,0.995555222
2018-11-07,109.440002,112.239998,109.400002,111.959999,108.452751,37901700,-0.432963029
2018-11-08,111.800003,112.209999,110.910004,111.75,108.249336,25644100,0.909399629
2018-11-09,110.849998,111.449997,108.760002,109.57,106.137634,32039200,0.377785966
2018-11-12,109.419998,109.959999,106.099998,106.870003,103.522209,33621800,-0.046463758
2018-11-13,107.550003,108.739998,106.639999,106.940002,103.590004,35374600,-0.418280289
2018-11-14,108.099998,108.260002,104.470001,104.970001,102.120995,39495100,-0.129314244
2018-11-15,104.989998,107.800003,103.910004,107.279999,104.368301,38505200,-0.999754548
2018-11-16,107.080002,108.879997,106.800003,108.290001,105.350899,33502100,-0.987380147
2018-11-19,108.269997,108.559998,103.550003,104.620003,101.780502,44773900,0.449642499
2018-11-20,101.800003,102.970001,99.349998,101.709999,98.949486,64052500,0.451869369
2018-11-21,103.599998,104.43,102.239998,103.110001,100.311478,28130600,0.99317497
2018-11-26,104.790001,106.629997,104.580002,106.470001,103.580299,32336200,0.83704643
2018-11-27,106.269997,107.330002,105.360001,107.139999,104.232109,29124500,0.227639556
2018-11-28,107.889999,111.330002,107.860001,111.120003,108.10408,46788500,0.01500468
2018-11-29,110.330002,111.120003,109.029999,110.190002,107.199326,28123200,-0.603385478
2018-11-30,110.699997,110.970001,109.360001,110.889999,107.880325,33665600,-0.38489608
2018-12-03,113,113.419998,110.730003,112.089996,109.047752,34732800,0.960564196
2018-12-04,111.940002,112.639999,108.209999,108.519997,105.574638,45197000,-0.386271507
2018-12-06,105.82,109.239998,105,109.190002,106.226463,49107400,-0.346218189
2018-12-07,108.379997,109.449997,104.300003,104.82,101.975067,45044900,-0.9930709
2018-12-10,104.800003,107.980003,103.889999,107.589996,104.669884,40801500,0.002751201
2018-12-11,109.800003,110.949997,107.440002,108.589996,105.642738,42381900,-0.496559933
2018-12-12,110.889999,111.269997,109.040001,109.080002,106.119446,36183000,-0.160089493
2018-12-13,109.580002,110.870003,108.629997,109.449997,106.479401,31333400,0.575007617
2018-12-14,108.25,109.260002,105.5,106.029999,103.152237,47043100,-0.317197283
2018-12-17,105.410004,105.800003,101.709999,102.889999,100.097458,56957300,-0.499922976
2018-12-18,103.75,104.510002,102.519997,103.970001,101.14814,49319200,-0.967184742
2018-12-19,103.650002,106.879997,101.349998,103.690002,100.875732,68198200,-0.232924193
2018-12-21,101.629997,103,97.459999,98.230003,95.563919,111242100,0.307846129
2018-12-24,97.68,97.970001,93.980003,94.129997,91.575211,43935200,-0.970279773
2018-12-26,95.139999,100.690002,93.959999,100.559998,97.830696,51634800,-0.997675478
2018-12-27,99.300003,101.190002,96.400002,101.18,98.433876,49498500,-0.511588827
2018-12-28,102.089996,102.410004,99.519997,100.389999,97.665306,38196300,-0.998383284
2019-01-02,99.550003,101.75,98.940002,101.120003,98.375481,35329300,-0.924275473
2019-01-03,100.099998,100.190002,97.199997,97.400002,94.756454,42579100,-0.550408199
2019-01-04,99.720001,102.510002,98.93,101.93,99.163513,44060600,-0.900650933
2019-01-07,101.639999,103.269997,100.980003,102.059998,99.28997,35656100,0.38881436
2019-01-08,103.040001,103.970001,101.709999,102.800003,100.009888,31514400,0.769547939
2019-01-09,103.860001,104.879997,103.239998,104.269997,101.439995,32280800,-0.085645229
2019-01-10,103.220001,103.75,102.379997,103.599998,100.788193,30067600,0.756797194
2019-01-11,103.190002,103.440002,101.639999,102.800003,100.009888,28314200,0.979007989
2019-01-14,101.900002,102.870003,101.260002,102.050003,99.280251,28437100,0.331467013
2019-01-15,102.510002,105.050003,101.879997,105.010002,102.15992,31587600,0.498209074
2019-01-16,105.260002,106.260002,104.959999,105.379997,102.519859,29853900,-0.973595664
2019-01-17,105,106.629997,104.760002,106.120003,103.239784,28393000,-0.996397793
2019-01-18,107.459999,107.900002,105.910004,107.709999,104.786636,37427600,-0.995870978
2019-01-22,106.75,107.099998,104.860001,105.68,102.811722,32371300,-0.997029483
2019-01-23,106.120003,107.040001,105.339996,106.709999,103.813774,25874300,-0.899176687
2019-01-24,106.860001,107,105.339996,106.199997,103.317596,23164800,-0.45108287
2019-01-25,107.239998,107.879997,106.199997,107.169998,104.261292,31225600,-0.996202484
2019-01-28,106.260002,106.480003,104.660004,105.080002,102.22802,29476700,-0.178371236
2019-01-29,104.879997,104.970001,102.169998,102.940002,100.146103,31490500,-0.493305892
2019-01-30,104.620003,106.379997,104.330002,106.379997,103.492729,49471900,-0.493686706
2019-01-31,103.800003,105.220001,103.18,104.43,101.595657,55636400,-0.507996514
2019-02-01,103.779999,104.099998,102.349998,102.779999,99.99044,35535700,-0.561770663
2019-02-04,102.870003,105.800003,102.769997,105.739998,102.870094,31315100,-0.472823575
2019-02-05,106.059998,107.269997,105.959999,107.220001,104.309929,27325400,-0.979570925
2019-02-06,107,107,105.529999,106.029999,103.152237,20609800,-0.971638843
2019-02-07,105.190002,105.589996,104.290001,105.269997,102.412849,29760700,-0.994828433
2019-02-08,104.389999,105.779999,104.260002,105.669998,102.80201,21461100,-0.581688851
2019-02-11,106.199997,106.580002,104.970001,105.25,102.393394,18914100,-0.914069161
2019-02-12,106.139999,107.139999,105.480003,106.889999,103.988892,25056600,-0.996244416
2019-02-13,107.5,107.779999,106.709999,106.809998,103.911049,18394900,-0.997184783
2019-02-14,106.309998,107.290001,105.660004,106.900002,103.998619,21784700,-0.995391011
2019-02-15,107.910004,108.300003,107.360001,108.220001,105.282784,26606900,-0.994957596
2019-02-19,107.790001,108.660004,107.779999,108.169998,105.234146,18038500,-0.597350374
2019-02-20,107.860001,107.940002,106.290001,107.150002,104.687019,21607700,-0.997122109
2019-02-21,106.900002,109.480003,106.870003,109.410004,106.895081,29063200,-0.96681419
2019-02-22,110.050003,111.199997,109.82,110.970001,108.419212,27763200,-0.96774593
2019-02-25,111.760002,112.18,111.260002,111.589996,109.024956,23750600,-0.953003228
2019-02-26,111.260002,113.239998,111.169998,112.360001,109.77726,21536700,-0.998716637
2019-02-28,112.040001,112.879997,111.730003,112.029999,109.454849,29083900,-0.998298183
2019-03-01,112.889999,113.019997,111.669998,112.529999,109.943359,23501200,-0.998958692
2019-03-04,113.019997,113.25,110.800003,112.260002,109.679558,26608000,-0.548450634
2019-03-05,112.25,112.389999,111.230003,111.699997,109.132423,19538300,-0.526917785
2019-03-06,111.870003,112.660004,111.43,111.75,109.181282,17687000,-0.442491755
2019-03-07,111.400002,111.550003,109.870003,110.389999,107.852539,25339000,-0.500806317
2019-03-08,109.160004,110.709999,108.800003,110.510002,107.969788,22818400,0.464986727
2019-03-11,110.989998,112.949997,110.980003,112.830002,110.236458,26491600,-0.502560183
2019-03-12,112.82,113.989998,112.650002,113.620003,111.008293,26132700,-0.908206657
2019-03-13,114.129997,115,113.779999,114.5,111.868073,35513800,-0.996844083
2019-03-14,114.540001,115.199997,114.330002,114.589996,111.956001,30763400,-0.99595961
2019-03-15,115.339996,117.25,114.589996,115.910004,113.245659,54681100,-0.991252333
2019-03-18,116.169998,117.610001,116.050003,117.57,114.867493,31207600,-0.577697486
2019-03-19,118.089996,118.440002,116.989998,117.650002,114.945671,37588700,0.416369051
2019-03-20,117.389999,118.75,116.709999,117.519997,114.818649,28113300,-0.0811681
2019-03-21,117.139999,120.82,117.089996,120.220001,117.456589,29854400,-0.992208987
2019-03-22,119.5,119.589996,117.040001,117.050003,114.359451,33624500,-0.890926301
2019-03-25,116.559998,118.010002,116.32,117.660004,114.955444,27067100,-0.98632662
2019-03-26,118.620003,118.709999,116.849998,117.910004,115.199684,26097700,-0.567176253
2019-03-27,117.879997,118.209999,115.519997,116.769997,114.085876,22733400,-0.859213099
2019-03-28,117.440002,117.580002,116.129997,116.93,114.242203,18334800,-0.998224974
2019-03-29,118.07,118.32,116.959999,117.940002,115.228996,25399800,-0.919255584
2019-04-01,118.949997,119.110001,118.099998,119.019997,116.28418,22789100,-0.995394513
2019-04-02,119.059998,119.480003,118.519997,119.190002,116.450264,18142300,-0.99053584
2019-04-03,119.860001,120.43,119.150002,119.970001,117.212341,22860700,-0.99745667
2019-04-04,120.099998,120.230003,118.379997,119.360001,116.616356,20112800,-0.994902834
2019-04-05,119.389999,120.230003,119.370003,119.889999,117.134186,15826200,-0.991355523
2019-04-08,119.809998,120.019997,118.639999,119.93,117.173248,15116200,-0.911677167
2019-04-09,118.629997,119.540001,118.580002,119.279999,116.538185,17612000,-0.615085706
2019-04-10,119.760002,120.349998,119.540001,120.190002,117.427277,16477200,-0.98166351
2019-04-11,120.540001,120.849998,119.919998,120.330002,117.564056,14209100,-0.583178163
2019-04-12,120.639999,120.980003,120.370003,120.949997,118.169792,19745100,-0.852063283
2019-04-15,120.940002,121.580002,120.57,121.050003,118.267502,15792600,-0.523312837
2019-04-16,121.639999,121.650002,120.099998,120.769997,117.993942,14071800,-0.974961922
2019-04-17,121.239998,121.849998,120.540001,121.769997,118.970955,19300900,-0.620168433
2019-04-18,122.190002,123.519997,121.300003,123.370003,120.53418,27991000,-0.982224092
2019-04-22,122.620003,124,122.57,123.760002,120.915215,15648700,-0.911105335
2019-04-23,124.099998,125.580002,123.830002,125.440002,122.556602,24025500,0.968619982
2019-04-24,125.790001,125.849998,124.519997,125.010002,122.13649,31257000,-0.378993928
2019-04-25,130.059998,131.369995,128.830002,129.149994,126.181313,38033900,0.439871565
2019-04-26,129.699997,130.520004,129.020004,129.889999,126.904312,23654900,-0.255210022
2019-04-29,129.899994,130.179993,129.350006,129.770004,126.787064,16324200,0.462401867
2019-04-30,129.809998,130.699997,129.389999,130.600006,127.598007,24166500,-0.497439876
2019-05-03,127.360001,129.429993,127.25,128.899994,125.937065,24911100,-0.018440336
2019-05-07,126.459999,127.18,124.220001,125.519997,122.634743,36017700,0.340414509
2019-05-08,125.440002,126.370003,124.75,125.510002,122.624992,28419000,-0.976676941
2019-05-09,124.290001,125.790001,123.57,125.5,122.615234,27235800,0.107997715
2019-05-10,124.910004,127.93,123.82,127.129997,124.207756,30915100,-0.163705766
2019-05-15,124.260002,126.709999,123.699997,126.019997,123.579018,24722700,-0.218691662
2019-05-16,126.75,129.380005,126.459999,128.929993,126.432663,30112200,-0.477302268
2019-05-20,126.519997,127.589996,125.760002,126.220001,123.775154,23706900,-0.829795361
2019-05-21,127.43,127.529999,126.580002,126.900002,124.441994,15293300,-0.016607225
2019-05-22,126.620003,128.240005,126.519997,127.669998,125.19706,15396500,0.00126946
2019-05-24,126.910004,127.419998,125.970001,126.239998,123.794762,14123400,-0.99107939
2019-05-29,125.379997,125.389999,124.040001,124.940002,122.519951,22763100,-0.998939335
2019-05-30,125.260002,125.760002,124.779999,125.730003,123.29464,16829600,0.750908017
2019-05-31,124.230003,124.620003,123.32,123.68,121.284355,26646800,0.97563839
2019-06-03,123.849998,124.370003,119.010002,119.839996,117.51873,37983600,-0.348596791
2019-06-04,121.279999,123.279999,120.650002,123.160004,120.774429,29382600,0.156407813
2019-06-05,124.949997,125.870003,124.209999,125.830002,123.392708,24926100,-0.062908947
2019-06-07,129.190002,132.25,128.259995,131.399994,128.854797,33885600,0.982368916
2019-06-10,132.399994,134.080002,132,132.600006,130.031586,26477100,-0.471878678
2019-06-11,133.880005,134.240005,131.279999,132.100006,129.54126,23913700,-0.1465009
2019-06-12,131.399994,131.970001,130.710007,131.490005,128.943085,17092500,-0.898989499
2019-06-13,131.979996,133,131.559998,132.320007,129.756989,17200800,-0.972788036
2019-06-14,132.259995,133.789993,131.639999,132.449997,129.884491,17821700,-0.142092228
2019-06-17,132.630005,133.729996,132.529999,132.850006,130.276733,14517800,0.130347967
2019-06-19,135,135.929993,133.809998,135.690002,133.061737,23744400,-0.029503763
2019-06-20,137.449997,137.660004,135.720001,136.949997,134.297272,33042600,-0.893938422
2019-06-21,136.580002,137.729996,136.460007,136.970001,134.31694,36727900,-0.339381576
2019-06-24,137,138.399994,137,137.779999,135.111252,20628800,-0.206302285
2019-06-25,137.25,137.589996,132.729996,133.429993,130.845474,33327400,-0.49267669
2019-06-26,134.350006,135.740005,133.600006,133.929993,131.3358,23657700,-0.970674574
2019-06-28,134.570007,134.600006,133.160004,133.960007,131.365234,30043000,-0.001363516
2019-07-01,136.630005,136.699997,134.970001,135.679993,133.05191,22613500,-0.034692287
2019-07-02,136.119995,136.589996,135.339996,136.580002,133.934479,15237800,-0.945814013
2019-07-03,136.800003,137.740005,136.289993,137.460007,134.79744,13629300,0.548685789
2019-07-05,135.940002,137.330002,135.720001,137.059998,134.405182,18141100,-0.599774823
2019-07-09,136,136.970001,135.800003,136.460007,133.816803,19953100,0.812278882
2019-07-10,137.130005,138.580002,137.020004,137.850006,135.179916,24204400,-0.274386764
2019-07-11,138.199997,139.220001,137.869995,138.399994,135.719223,22327900,-0.032140121
2019-07-12,138.850006,139.130005,138.009995,138.899994,136.209549,18936800,-0.009434789
2019-07-16,138.960007,139.050003,136.520004,137.080002,134.424774,22726100,-0.998442113
2019-07-17,137.699997,137.929993,136.220001,136.270004,133.630493,20211000,-0.908450633
2019-07-18,135.550003,136.619995,134.669998,136.419998,133.777588,30381800,-0.045954585
2019-07-19,140.220001,140.669998,136.449997,136.619995,133.973709,48992400,0.031806871
2019-07-22,137.410004,139.190002,137.330002,138.429993,135.748627,25074900,-0.938717589
2019-07-23,139.759995,139.990005,138.029999,139.289993,136.591995,18034600,0.709281236
2019-07-24,138.899994,140.740005,138.850006,140.720001,137.994293,20738300,-0.926451653
2019-07-25,140.429993,140.610001,139.320007,140.190002,137.474548,18356900,0.998412371
2019-07-26,140.369995,141.679993,140.300003,141.339996,138.602264,19037600,0.167274669
2019-07-29,141.5,141.509995,139.369995,141.029999,138.298279,16605900,-0.002889514
2019-07-30,140.139999,141.220001,139.800003,140.350006,137.631454,16846500,-0.173920512
2019-07-31,140.330002,140.490005,135.080002,136.270004,133.630493,38598800,-0.489185512
2019-08-01,137,140.940002,136.929993,138.059998,135.385788,40557500,-0.891105652
2019-08-02,138.089996,138.320007,135.259995,136.899994,134.24826,30791600,-0.782437503
2019-08-05,133.300003,133.929993,130.779999,132.210007,129.649139,42749600,-0.889001429
2019-08-06,133.800003,135.679993,133.210007,134.690002,132.0811,32696700,-0.434593976
2019-08-07,133.789993,135.649994,131.830002,135.279999,132.659637,33414500,-0.946664751
2019-08-08,136.600006,138.990005,135.929993,138.889999,136.199722,27496500,-0.10937123
2019-08-09,138.610001,139.380005,136.460007,137.710007,135.042587,23466700,-0.962494165
2019-08-12,137.070007,137.860001,135.240005,135.789993,133.159775,20484300,-0.906496286
2019-08-13,136.050003,138.800003,135,138.600006,135.915359,25154600,-0.463027015
2019-08-14,136.360001,136.919998,133.669998,133.979996,131.822342,32527300,0.995215029
2019-08-15,134.389999,134.580002,132.25,133.679993,131.527161,28074400,-0.293990031
2019-08-16,134.880005,136.460007,134.720001,136.130005,133.937714,24449100,-0.971525252
2019-08-19,137.850006,138.550003,136.889999,138.410004,136.18103,24355700,-0.762661457
2019-08-20,138.210007,138.710007,137.240005,137.259995,135.049515,21170800,-0.561941445
2019-08-21,138.550003,139.490005,138,138.789993,136.554871,14970300,0.797451347
2019-08-22,138.660004,139.199997,136.289993,137.779999,135.561142,18697000,-0.366501629
2019-08-23,137.190002,138.350006,132.800003,133.389999,131.241837,38508600,-0.448469957
2019-08-26,134.990005,135.559998,133.899994,135.449997,133.268677,20312600,-0.328100284
2019-08-27,136.389999,136.720001,134.660004,135.740005,133.553986,23102100,-0.137454599
2019-08-28,134.880005,135.759995,133.550003,135.559998,133.376877,17393300,0.807540913
2019-08-29,137.25,138.440002,136.910004,138.119995,135.89566,20168700,-0.778768063
2019-08-30,139.149994,139.179993,136.270004,137.860001,135.639877,23940100,-0.999554664
2019-09-03,136.610001,137.199997,135.699997,136.039993,133.849152,18869300,-0.431664864
2019-09-04,137.300003,137.690002,136.479996,137.630005,135.413574,17995900,-0.01182504
2019-09-05,139.110001,140.380005,138.759995,140.050003,137.794601,26101800,-0.517674655
2019-09-06,140.029999,140.179993,138.199997,139.100006,136.859909,20824500,-0.735742703
2019-09-09,139.589996,139.75,136.460007,137.520004,135.305359,25773900,0.210333526
2019-09-10,136.800003,136.889999,134.509995,136.080002,133.888535,28903400,-0.561941445
2019-09-11,135.910004,136.270004,135.089996,136.119995,133.927872,24726100,0.96883285
2019-09-12,137.850006,138.419998,136.869995,137.520004,135.305359,27010000,-0.996691147
2019-09-13,137.779999,138.059998,136.570007,137.320007,135.108551,23363100,-0.804376006
2019-09-16,135.830002,136.699997,135.660004,136.330002,134.134491,16731400,0.175390124
2019-09-17,136.960007,137.520004,136.429993,137.389999,135.177429,17814200,-0.992818683
2019-09-18,137.360001,138.669998,136.529999,138.520004,136.28923,23982100,-0.96897839
2019-09-19,140.300003,142.369995,140.070007,141.070007,138.798172,35772100,-0.4630941
2019-09-20,141.009995,141.649994,138.25,139.440002,137.194412,39167300,0.03954041
2019-09-23,139.229996,139.630005,138.440002,139.139999,136.899246,17139300,-0.375682786
2019-09-24,140.360001,140.690002,136.880005,137.380005,135.167603,29773200,-0.439424977
2019-09-25,137.5,139.960007,136.029999,139.360001,137.115707,21382000,0.906156421
2019-09-26,139.440002,140.179993,138.440002,139.539993,137.292786,17456600,0.493701145
2019-09-27,140.149994,140.360001,136.649994,137.729996,135.511932,22477700,-0.002489984
2019-09-30,138.050003,139.220001,137.779999,139.029999,136.791,17280900,-0.808263421
2019-10-01,139.660004,140.25,137,137.070007,134.86261,21466600,-0.904030353
2019-10-02,136.25,136.369995,133.580002,134.649994,132.481552,30521700,0.006723002
2019-10-03,134.949997,136.75,133.220001,136.279999,134.085312,24132900,0.371184617
2019-10-04,136.75,138.25,136.419998,138.119995,135.89566,22897700,-0.996387184
2019-10-07,137.139999,138.179993,137.020004,137.119995,134.911774,15303700,-0.562069714
2019-10-08,137.080002,137.759995,135.619995,135.669998,133.485138,25550500,-0.528368756
2019-10-09,137.460007,138.699997,136.970001,138.240005,136.013748,19749900,-0.423690856
2019-10-10,138.490005,139.669998,138.25,139.100006,136.859909,17654600,0.162632147
2019-10-14,139.690002,140.289993,139.520004,139.550003,137.302643,13304300,-0.992707431
2019-10-15,140.059998,141.789993,139.809998,141.570007,139.290131,19695700,-0.989828557
2019-10-16,140.789993,140.990005,139.529999,140.410004,138.148804,20751600,-0.683859944
2019-10-17,140.949997,141.419998,139.020004,139.690002,137.440399,21460600,-0.922711134
2019-10-18,139.759995,140,136.559998,137.410004,135.197113,32273500,-0.941100617
2019-10-21,138.449997,138.5,137.009995,138.429993,136.200668,20078200,-0.921135291
2019-10-22,138.970001,140.009995,136.259995,136.369995,134.173859,27431000,-0.362205168
2019-10-23,136.880005,137.449997,135.610001,137.240005,135.029846,29844600,-0.48755224
2019-10-24,139.389999,140.419998,138.669998,139.940002,137.686371,37029300,0.091749325
2019-10-25,139.339996,141.139999,139.199997,140.729996,138.463623,25959700,-0.3675659
2019-10-28,144.399994,145.669998,143.509995,144.190002,141.867935,35280100,-0.887687013
2019-10-29,144.080002,144.5,142.649994,142.830002,140.529831,20589500,-0.797784224
2019-10-30,143.520004,145,142.789993,144.610001,142.281174,18496600,0.29648532
2019-10-31,144.899994,144.929993,142.990005,143.369995,141.061111,24605100,-0.546218708
2019-11-01,144.259995,144.419998,142.970001,143.720001,141.405502,33128400,-0.473003641
2019-11-04,144.830002,145,144.160004,144.550003,142.222137,16912000,-0.905894011
2019-11-05,144.970001,145.020004,143.910004,144.460007,142.133606,18250200,-0.472227782
2019-11-06,144.369995,144.520004,143.199997,144.059998,141.740005,16575800,-0.186208248
2019-11-07,143.839996,144.880005,143.770004,144.259995,141.936783,17786700,-0.509211376
2019-11-08,143.979996,145.990005,143.759995,145.960007,143.609436,16732700,-0.532452598
2019-11-11,145.339996,146.419998,144.729996,146.110001,143.757004,14362600,-0.899507582
2019-11-12,146.279999,147.570007,146.059998,147.070007,144.701553,18641600,-0.953722328
2019-11-13,146.740005,147.460007,146.279999,147.309998,144.937683,16919200,-0.9313338
2019-11-14,147.020004,148.410004,147,148.059998,145.675598,19729800,0.04433246
2019-11-15,148.929993,149.990005,148.270004,149.970001,147.55484,23485700,-0.101419359
2019-11-18,150.070007,150.550003,148.979996,150.339996,147.9189,21534000,0.062411547
2019-11-19,150.880005,151.330002,150.199997,150.389999,147.968063,23935700,-0.908040076
2019-11-20,150.309998,150.839996,148.460007,149.619995,147.711365,25696800,-0.908223887
2019-11-21,149.399994,149.800003,148.5,149.479996,147.573151,18576100,-0.950787902
2019-11-22,150.070007,150.300003,148.820007,149.589996,147.681793,15901800,-0.724711935
2019-11-25,150,151.350006,149.919998,151.229996,149.300858,22420900,0.389900431
2019-11-26,151.360001,152.419998,151.320007,152.029999,150.090637,24620100,0.060691714
2019-11-27,152.330002,152.5,151.520004,152.320007,150.376953,15184400,0.935565293
2019-11-29,152.100006,152.300003,151.279999,151.380005,149.448944,11977300,-0.816524446
2019-12-02,151.809998,151.830002,148.320007,149.550003,147.642288,27418400,-0.960680366
2019-12-03,147.490005,149.429993,146.649994,149.309998,147.40535,24066000,0.900024633
2019-12-04,150.139999,150.179993,149.199997,149.850006,147.938461,17574700,-0.839605838
2019-12-05,150.050003,150.320007,149.479996,149.929993,148.017441,17869100,-0.492110983
2019-12-06,150.990005,151.869995,150.270004,151.75,149.814209,16403500,-0.883375317
2019-12-09,151.070007,152.210007,150.910004,151.360001,149.429199,16687400,-0.999005258
2019-12-10,151.289993,151.889999,150.759995,151.130005,149.202133,16476100,-0.825261921
2019-12-11,151.539993,151.869995,150.330002,151.699997,149.764847,18856600,-0.863100901
2019-12-12,151.649994,153.440002,151.020004,153.240005,151.285217,24612100,-0.124366522
2019-12-13,153,154.889999,152.830002,154.529999,152.558746,23845400,-0.440971851
2019-12-16,155.110001,155.899994,154.820007,155.529999,153.546005,24144200,-0.506616384
2019-12-17,155.449997,155.710007,154.449997,154.690002,152.716705,25425600,-0.507528603
2019-12-18,154.300003,155.479996,154.179993,154.369995,152.400803,24129200,0.906156421
2019-12-19,154,155.770004,153.75,155.710007,153.723709,24958900,-0.920111458
2019-12-20,157.350006,158.490005,156.289993,157.410004,155.402023,53477500,0.16918239
2019-12-23,158.119995,158.119995,157.270004,157.410004,155.402023,17718200,0.175305386
2019-12-24,157.479996,157.710007,157.119995,157.380005,155.372406,8989200,0.269028564
2019-12-26,157.559998,158.729996,157.399994,158.669998,156.64595,14520600,-0.90936105
2019-12-27,159.449997,159.550003,158.220001,158.960007,156.932251,18412800,-0.009752169
2019-12-30,158.990005,159.020004,156.729996,157.589996,155.579727,16348400,0.443004072
2020-01-02,158.779999,160.729996,158.330002,160.619995,158.571075,22622100,0.337231
2020-01-03,158.320007,159.949997,158.059998,158.619995,156.596588,21116200,-0.034575075
2020-01-06,157.080002,159.100006,156.509995,159.029999,157.001373,20813700,-0.320843498
2020-01-07,159.320007,159.669998,157.320007,157.580002,155.569855,21634100,-0.083029538
2020-01-08,158.929993,160.800003,157.949997,160.089996,158.047836,27746500,-0.224356055
2020-01-09,161.839996,162.220001,161.029999,162.089996,160.022308,21385000,0.356812984
2020-01-10,162.820007,163.220001,161.179993,161.339996,159.281876,20725900,-0.398567364
2020-01-13,161.759995,163.309998,161.259995,163.279999,161.197144,21626500,0.154034421
2020-01-14,163.389999,163.600006,161.720001,162.130005,160.061798,23477400,-0.580685228
2020-01-15,162.619995,163.940002,162.570007,163.179993,161.098419,21417900,-0.089695662
2020-01-16,164.350006,166.240005,164.029999,166.169998,164.050278,23865400,-0.416530222
2020-01-17,167.419998,167.470001,165.429993,167.100006,164.96843,34371700,-0.471418649
2020-01-21,166.679993,168.190002,166.429993,166.5,164.376068,29517200,-0.015221983
2020-01-22,167.399994,167.490005,165.679993,165.699997,163.586273,24138800,-0.841040879
2020-01-23,166.190002,166.800003,165.270004,166.720001,164.593262,19680800,0.252439439
2020-01-24,167.509995,167.529999,164.449997,165.039993,162.934692,24918100,-0.041835248
2020-01-27,161.149994,163.380005,160.199997,162.279999,160.209885,32078100,0.906156421
2020-01-28,163.779999,165.759995,163.070007,165.460007,163.34935,24899900,-0.812375943
2020-01-29,167.839996,168.75,165.690002,168.039993,165.896423,34754500,-0.527736828
2020-01-30,174.050003,174.050003,170.789993,172.779999,170.575958,51597500,0.976839378
2020-01-31,172.210007,172.399994,169.580002,170.229996,168.058472,36142700,-0.497141004
2020-02-03,170.429993,174.5,170.399994,174.380005,172.155548,30149100,0.912315115
2020-02-04,177.139999,180.639999,176.309998,180.119995,177.822327,36433300,0.387646928
2020-02-05,184.029999,184.199997,178.410004,179.899994,177.605148,39186300,-0.017071083
2020-02-06,180.970001,183.820007,180.059998,183.630005,181.287552,27751400,-0.502708614
2020-02-07,182.850006,185.630005,182.479996,183.889999,181.54425,33529100,0.007290959
2020-02-10,183.580002,188.839996,183.25,188.699997,186.292862,35844300,-0.005488098
2020-02-11,190.649994,190.699997,183.5,184.440002,182.087234,53159900,-0.34075435
2020-02-12,185.580002,185.850006,181.850006,184.710007,182.353775,47062900,-0.010681018
2020-02-13,183.080002,186.229996,182.869995,183.710007,181.366547,35295800,-0.520523503
2020-02-14,183.25,185.410004,182.649994,185.350006,182.985611,23149500,-0.773796871
2020-02-18,185.610001,187.699997,185.5,187.229996,184.841644,27792200,0.490970194
2020-02-19,188.059998,188.179993,186.470001,187.279999,185.395981,29997500,0.90775536
2020-02-20,186.949997,187.25,181.100006,184.419998,182.564758,36862400,-0.007835209
2020-02-21,183.169998,183.5,177.25,178.589996,176.793411,48572600,-0.552783728
2020-02-24,167.770004,174.550003,163.229996,170.889999,169.170883,68311100,-0.49832581
2020-02-25,174.199997,174.839996,167.649994,168.070007,166.379257,68073300,0.041709572
2020-02-26,169.710007,173.259995,168.210007,170.169998,168.458115,56206100,-0.829929858
2020-02-27,163.320007,167.029999,157.979996,158.179993,156.58873,93174900,-0.094195962
2020-02-28,152.410004,163.710007,152,162.009995,160.380188,97073600,-0.990868121
2020-03-02,165.309998,172.919998,162.309998,172.789993,171.051773,71030800,-0.394189462
2020-03-03,173.800003,175,162.259995,164.509995,162.855057,71677000,-0.885043457
2020-03-04,168.490005,170.699997,165.619995,170.550003,168.83429,49814400,-0.396119609
2020-03-05,166.050003,170.869995,165.690002,166.270004,164.597351,47817300,-0.587143734
2020-03-06,162.610001,163.110001,156,161.570007,159.944641,72821100,-0.514622256
2020-03-09,151,157.75,150,150.619995,149.104797,70419300,-0.992853731
2020-03-10,158.160004,161.029999,152.580002,160.919998,159.301178,65354400,-0.597507998
2020-03-11,157.130005,157.699997,151.149994,153.630005,152.084518,56371600,-0.933729842
2020-03-12,145.300003,153.470001,138.580002,139.059998,137.661087,93226400,0.010330662
2020-03-13,147.5,161.910004,140.729996,158.830002,157.232208,92727400,-0.499185607
2020-03-16,140,149.350006,135,135.419998,134.057693,87905900,-0.885310034
2020-03-17,140,147.5,135,146.570007,145.095551,81059800,-0.489705667
2020-03-18,138,146,135.020004,140.399994,138.987595,81593200,-0.414119691
2020-03-19,142.770004,150.149994,139,142.710007,141.274368,85922700,-0.79743354
2020-03-20,146,147.100006,135.860001,137.350006,135.968292,84866200,0.247624278
2020-03-23,137.009995,140.570007,132.520004,135.979996,134.612076,78975200,-0.992552251
2020-03-24,143.75,149.600006,141.270004,148.339996,146.847717,82516700,0.109976381
2020-03-25,148.910004,154.330002,144.440002,146.919998,145.442017,75638200,0.156304002
2020-03-26,148.399994,156.660004,148.369995,156.110001,154.539566,64568100,-0.980354577
2020-03-27,151.75,154.889999,149.199997,149.699997,148.194046,57042300,-0.992509087
2020-03-30,152.440002,160.600006,150.009995,160.229996,158.618118,63420300,-0.040955141
2020-03-31,159.399994,164.779999,156.559998,157.710007,156.123474,77927200,0.469817191
2020-04-01,153,157.75,150.820007,152.110001,150.579803,57969900,-0.972928196
2020-04-02,151.860001,155.479996,150.360001,155.259995,153.69812,49630700,-0.044183314
2020-04-03,155.100006,157.380005,152.190002,153.830002,152.282501,41243300,0.523700312
2020-04-06,160.320007,166.5,157.580002,165.270004,163.607422,67111700,-0.534069598
2020-04-07,169.589996,170,163.259995,163.490005,161.845322,62769000,0.285578758
2020-04-08,165.669998,166.669998,163.5,165.130005,163.468811,48318200,-0.545798495
2020-04-09,166.360001,167.369995,163.330002,165.139999,163.478729,51431800,-0.896047816
2020-04-13,164.350006,165.570007,162.300003,165.509995,163.844971,41905300,0.079033405
2020-04-14,169,173.75,168,173.699997,171.952606,52874300,-0.928061053
2020-04-15,171.199997,173.570007,169.240005,171.880005,170.15094,40940800,-0.517213628
2020-04-16,174.300003,177.279999,172.899994,177.039993,175.259003,50479600,-0.09025462
2020-04-17,179.5,180,175.869995,178.600006,176.803314,52765600,-0.504350811
2020-04-20,176.630005,178.75,174.990005,175.059998,173.298935,36669600,-0.025601387
2020-04-21,173.5,173.669998,166.110001,167.820007,166.13176,56203700,0.481642157
2020-04-22,171.389999,174,170.820007,173.520004,171.774429,34651600,-0.375332296
2020-04-23,174.110001,175.059998,170.910004,171.419998,169.695557,32790800,-0.934520319
2020-04-24,172.059998,174.559998,170.710007,174.550003,172.794067,34305300,0.042373002
2020-04-27,176.589996,176.899994,173.300003,174.050003,172.299103,33194400,-0.88318707
2020-04-28,175.589996,175.669998,169.389999,169.809998,168.10173,34392700,-0.863548234
2020-04-29,173.220001,177.679993,171.880005,177.429993,175.645081,51286600,-0.418492928
2020-04-30,180,180.399994,176.229996,179.210007,177.407196,53875900,0.382348195
2020-05-01,175.800003,178.639999,174.009995,174.570007,172.813858,39370500,-0.990371913
2020-05-04,174.490005,179,173.800003,178.839996,177.040894,30372900,-0.914448559
2020-05-05,180.619995,183.649994,179.899994,180.759995,178.941589,36839200,-0.858824939
2020-05-06,182.080002,184.199997,181.630005,182.539993,180.703674,32139300,-0.906142592
2020-05-07,184.169998,184.550003,182.580002,183.600006,181.753021,28316000,0.012297332
2020-05-08,184.979996,185,183.360001,184.679993,182.822144,30912600,-0.427054584
2020-05-11,183.149994,187.509995,182.850006,186.740005,184.861435,30892700,0.095292181
2020-05-12,186.800003,187.039993,182.300003,182.509995,180.673965,32038200,-0.269013047
2020-05-13,182.550003,184.050003,176.539993,179.75,177.941742,44711500,-0.440357089
2020-05-14,177.539993,180.690002,175.679993,180.529999,178.713898,41873900,-0.988520026
2020-05-15,179.059998,187.059998,177,183.160004,181.317429,46610400,-0.426200966
2020-05-18,185.75,186.199997,183.960007,184.910004,183.04985,35306600,-0.821886808
2020-05-19,185.029999,186.600006,183.490005,183.630005,181.78273,26799100,-0.002833769
2020-05-20,184.809998,185.850006,183.940002,185.660004,184.304169,31261300,0.392798185
2020-05-21,185.399994,186.669998,183.289993,183.429993,182.090454,29119500,0.484463513
2020-05-22,183.190002,184.460007,182.539993,183.509995,182.169861,20826900,-0.934518978
2020-05-26,186.339996,186.5,181.100006,181.570007,180.244049,36073600,0.239771709
2020-05-27,180.199997,181.990005,176.600006,181.809998,180.482285,39517100,-0.813990235
2020-05-28,180.740005,184.149994,180.380005,181.399994,180.075272,33810200,0.015251562
2020-05-29,182.729996,184.270004,180.410004,183.25,181.911774,42146700,-0.212121218
2020-06-01,182.539993,183,181.460007,182.830002,181.494843,22622400,-0.000504568
2020-06-02,184.25,185,181.350006,184.910004,183.559647,30794600,-0.806696489
2020-06-03,184.820007,185.940002,183.580002,185.360001,184.006378,27311000,0.599332884
2020-06-04,184.300003,185.839996,182.300003,182.919998,181.584167,28761800,-0.435832813
2020-06-05,182.619995,187.729996,182.009995,187.199997,185.832916,39893600,-0.770508031
2020-06-08,185.940002,188.550003,184.440002,188.360001,186.984451,33211600,-0.915188178
2020-06-09,188,190.699997,187.259995,189.800003,188.41394,29783900,0.967298716
2020-06-10,191.130005,198.520004,191.009995,196.839996,195.402527,43872300,-0.498569533
2020-06-11,193.130005,195.759995,186.070007,186.270004,184.909714,52854700,-0.450887784
2020-06-12,190.539993,191.720001,185.179993,187.740005,186.368973,43373600,-0.005228281
2020-06-15,184.580002,190.820007,184.009995,188.940002,187.560226,32770200,0.488095477
2020-06-16,192.889999,195.580002,191.460007,193.570007,192.156418,42556700,-0.471210837
2020-06-17,195.029999,196.320007,193.690002,194.240005,192.821518,25687800,-0.451413944
2020-06-18,194,196.490005,194,196.320007,194.886337,23061600,-0.460644737
2020-06-19,198.589996,199.289993,194.369995,195.149994,193.724854,44441100,-0.421879917
2020-06-22,195.789993,200.759995,195.229996,200.570007,199.105301,32818900,-0.786742195
2020-06-23,202.089996,203.949997,201.429993,201.910004,200.435501,30917400,0.007495254
2020-06-24,201.600006,203.25,196.559998,197.839996,196.395218,36740600,-0.920138985
2020-06-25,197.800003,200.610001,195.470001,200.339996,198.876968,27803900,-0.840701297
2020-06-26,199.729996,199.889999,194.880005,196.330002,194.89624,54675800,-0.080596477
2020-06-29,195.779999,198.529999,193.550003,198.440002,196.990829,26701600,-0.591306821
2020-06-30,197.880005,204.399994,197.740005,203.509995,202.023819,34310300,0.092276171
2020-07-01,203.139999,206.350006,201.770004,204.699997,203.205124,32061200,-0.413483232
2020-07-02,205.679993,208.020004,205,206.259995,204.753738,29315800,-0.388587043
2020-07-06,208.830002,211.130005,208.089996,210.699997,209.161301,31897600,0.55279921
2020-07-07,210.449997,214.669998,207.990005,208.25,206.729202,33600700,-0.839865118
2020-07-08,210.070007,213.259995,208.690002,212.830002,211.275757,33600000,0.112152413
2020-07-09,216.330002,216.380005,211.470001,214.320007,212.754883,33121700,-0.335762441
2020-07-10,213.619995,214.080002,211.080002,213.669998,212.109619,26177600,-0.106836319
2020-07-13,214.479996,215.800003,206.5,207.070007,205.557816,38135600,0.075886473
2020-07-14,206.130005,208.850006,202.029999,208.350006,206.828476,37591800,-0.454407156
2020-07-15,209.559998,211.330002,205.029999,208.039993,206.520721,32179400,-0.425985545
2020-07-16,205.399994,205.699997,202.309998,203.919998,202.430817,29940700,-0.798383072
2020-07-17,204.470001,205.039993,201.389999,202.880005,201.398407,31635300,-0.227638006
2020-07-20,205,212.300003,203.009995,211.600006,210.054749,36884800,-0.3980093
2020-07-21,213.660004,213.940002,208.029999,208.75,207.225555,38105800,0.046407238
2020-07-22,209.199997,212.300003,208.389999,211.75,210.203629,49605700,-0.9253245
2020-07-23,207.190002,210.919998,202.149994,202.539993,201.060898,67457000,0.552916482
2020-07-24,200.419998,202.860001,197.509995,201.300003,199.829971,39827000,-0.124402881
2020-07-27,201.470001,203.970001,200.860001,203.850006,202.361343,30160900,-0.459678799
2020-07-28,203.610001,204.699997,201.740005,202.020004,200.544693,23251400,-0.368641317
2020-07-29,202.5,204.649994,202.009995,204.059998,202.569794,19632600,0.027337164
2020-07-30,201,204.460007,199.570007,203.899994,202.410965,25079600,-0.478259802
2020-07-31,204.399994,205.100006,199.009995,205.009995,203.512848,51248000,-0.019248217
2020-08-03,211.520004,217.639999,210.440002,216.539993,214.958664,78983000,-0.415789604
2020-08-04,214.169998,214.770004,210.309998,213.289993,211.732391,49280100,-0.457976341
2020-08-05,214.899994,215,211.570007,212.940002,211.384949,28858600,0.4803067
2020-08-06,212.339996,216.369995,211.550003,216.350006,214.77005,32656800,-0.898088709
2020-08-07,214.850006,215.699997,210.929993,212.479996,210.928314,27820400,-0.072630808
2020-08-10,211.669998,211.880005,206.350006,208.25,206.729202,36716500,-0.925679564
2020-08-11,207.160004,207.649994,203.139999,203.380005,201.894775,36446500,-0.49058789
2020-08-12,205.289993,210.279999,204.75,209.190002,207.662354,28041400,-0.412478715
2020-08-13,209.440002,211.350006,208.149994,208.699997,207.175903,22588900,0.506602153
2020-08-14,208.759995,209.589996,207.509995,208.899994,207.374451,17958900,-0.526710913
2020-08-17,209.600006,211.190002,208.919998,210.279999,208.74437,20184800,0.073542744
2020-08-18,210.529999,212.360001,209.210007,211.490005,209.945541,21336200,-0.053093374
2020-08-19,211.490005,212.100006,209.25,209.699997,208.671814,27627600,0.425860599
2020-08-20,209.539993,215,208.910004,214.580002,213.527893,26981500,-0.388933718
2020-08-21,213.860001,216.25,212.850006,213.020004,211.97554,36249300,-0.473048165
2020-08-24,214.789993,215.520004,212.429993,213.690002,212.642258,25460100,-0.489015743
2020-08-25,213.100006,216.610001,213.100006,216.470001,215.40863,23043700,-0.391369298
2020-08-26,217.880005,222.089996,217.360001,221.149994,220.065674,39600800,-0.509332404
2020-08-27,222.889999,231.149994,219.399994,226.580002,225.46907,57602200,-0.964148879
2020-08-28,228.179993,230.639999,226.580002,228.910004,227.787643,26292900,0.102308154
2020-08-31,227,228.699997,224.309998,225.529999,224.424194,28774200,-0.829961777
2020-09-01,225.509995,227.449997,224.429993,227.270004,226.155685,25791200,0.047969282
2020-09-02,227.970001,232.860001,227.350006,231.649994,230.514191,34080800,-0.023726493
2020-09-03,229.270004,229.309998,214.960007,217.300003,216.234558,58400300,-0.440361887
2020-09-04,215.100006,218.360001,205.190002,214.25,213.199524,59664100,-0.9635804
2020-09-08,206.5,210.029999,202.199997,202.660004,201.666336,52924300,0.074199229
2020-09-09,207.600006,214.839996,206.699997,211.289993,210.254013,45679000,-0.066358984
2020-09-10,213.399994,214.740005,204.110001,205.369995,204.363037,35461500,-0.922505721
2020-09-11,207.199997,208.630005,201.240005,204.029999,203.029633,33620100,-0.539860234
2020-09-14,204.240005,209.199997,204.029999,205.410004,204.402847,30375800,-0.860230565
2020-09-15,208.419998,209.779999,206.929993,208.779999,207.756332,21823900,-0.829035237
2020-09-16,210.619995,210.649994,204.639999,205.050003,204.044617,26328100,-0.03152591
2020-09-17,200.050003,204.330002,199.960007,202.910004,201.915115,34011300,-0.883820474
2020-09-18,202.800003,203.649994,196.25,200.389999,199.407455,55225300,-0.073821381
2020-09-21,197.190002,202.710007,196.380005,202.539993,201.546921,39839700,-0.537951574
2020-09-22,205.059998,208.100006,202.080002,207.419998,206.402985,33517100,-0.353447706
2020-09-23,207.899994,208.100006,200.029999,200.589996,199.606476,30803800,-0.3577061
2020-09-24,199.850006,205.570007,199.199997,203.190002,202.193741,31202500,-0.403025642
2020-09-25,203.550003,209.039993,202.539993,207.820007,206.801041,29437300,-0.894798607
2020-09-28,210.880005,212.570007,208.059998,209.440002,208.413101,32004900,-0.82769677
2020-09-29,209.350006,210.070007,206.809998,207.259995,206.243774,24221900,-0.899895608
2020-09-30,207.729996,211.979996,206.539993,210.330002,209.298721,33829100,-0.009466425
2020-10-01,213.490005,213.990005,211.320007,212.460007,211.418289,27158400,-0.020637929
2020-10-02,208,210.990005,205.539993,206.190002,205.179031,33154800,-0.410027787
2020-10-05,207.220001,210.410004,206.979996,210.380005,209.348495,21331600,-0.491120473
2020-10-06,208.820007,210.179993,204.820007,205.910004,204.900406,28554300,-0.801831976
2020-10-07,207.059998,210.110001,206.720001,209.830002,208.801178,25681100,-0.434935272
2020-10-08,210.509995,211.190002,208.320007,210.580002,209.547516,19925800,-0.354225188
2020-10-09,211.229996,215.860001,211.229996,215.809998,214.751862,26458000,-0.112965092
2020-10-12,218.789993,223.860001,216.809998,221.399994,220.314453,40461400,0.012677997
2020-10-13,222.720001,225.210007,220.429993,222.860001,221.767288,28950800,-0.401186436
2020-10-14,223,224.220001,219.130005,220.860001,219.7771,23451700,0.064414695
2020-10-15,217.100006,220.360001,216.009995,219.660004,218.582993,22733100,-0.489854246
2020-10-16,220.149994,222.289993,219.320007,219.660004,218.582993,26057900,0.264275968
2020-10-19,220.419998,222.300003,213.720001,214.220001,213.169662,27625800,-0.040452883
2020-10-20,215.800003,217.369995,213.089996,214.649994,213.597534,22753500,0.101766497
2020-10-21,213.119995,216.919998,213.119995,214.800003,213.746826,22724900,-0.389170364
2020-10-22,213.929993,216.059998,211.699997,214.889999,213.836365,22351500,0.072420388
2020-10-23,215.029999,216.279999,213.160004,216.229996,215.1698,18879600,0.392606825
2020-10-26,213.850006,216.339996,208.100006,210.080002,209.049957,37111600,0.043777645
2020-10-27,211.589996,214.669998,210.330002,213.25,212.204422,36700300,-0.138369471
2020-10-28,207.669998,208.839996,202.100006,202.679993,201.686234,51195600,-0.06331186
2020-10-29,204.070007,207.360001,203.369995,204.720001,203.716232,31432600,0.078880996
2020-10-30,203.5,204.289993,199.619995,202.470001,201.47728,36953700,-0.435805306
2020-11-02,204.289993,205.279999,200.119995,202.330002,201.337952,30842200,0.079267412
2020-11-03,203.889999,208.119995,203.119995,206.429993,205.417847,27512000,-0.354906633
2020-11-04,214.020004,218.320007,212.419998,216.389999,215.32901,42311800,0.011890128
2020-11-05,222.039993,224.119995,221.149994,223.289993,222.19519,36080100,-0.357801959
2020-11-06,222.259995,224.360001,218.029999,223.720001,222.623077,25231900,-0.24100022
2020-11-09,224.440002,228.119995,217.880005,218.389999,217.319214,44395000,-0.384368703
2020-11-10,214.5,216.5,209.720001,211.009995,209.975388,44045100,0.074253201
2020-11-11,212.389999,218.039993,212.199997,216.550003,215.488235,29440800,0.53456974
2020-11-12,217.210007,219.110001,214.460007,215.440002,214.383682,21593900,-0.484310597
2020-11-13,216.360001,217.419998,214.160004,216.509995,215.448425,18621100,0.327007562
2020-11-16,214.869995,217.740005,214.520004,217.229996,216.164902,24953300,0.369241446
2020-11-17,216.100006,217.679993,214.080002,214.460007,213.408493,24154100,0.326200053
2020-11-18,213.649994,215.169998,210.929993,211.080002,210.594971,28372800,-0.349309117
2020-11-19,211.380005,213.029999,209.929993,212.419998,211.931885,24792700,0.452062547
2020-11-20,212.199997,213.289993,210,210.389999,209.906555,22843100,-0.580457896
2020-11-23,210.949997,212.289993,208.160004,210.110001,209.627197,25683500,-0.415669233
2020-11-24,209.589996,214.25,208.860001,213.860001,213.368576,33979700,0.436361313
2020-11-25,215.110001,215.289993,212.460007,213.869995,213.378555,21012900,0.060502172
2020-11-27,214.850006,216.270004,214.039993,215.229996,214.735428,14512200,-0.085139915
2020-11-30,214.100006,214.759995,210.839996,214.070007,213.578094,33064800,-0.382773295
2020-12-01,214.509995,217.320007,213.350006,216.210007,215.713181,30931300,0.044403315
2020-12-02,214.880005,215.470001,212.800003,215.369995,214.875107,23724500,-0.034230649
2020-12-03,214.610001,216.380005,213.649994,214.240005,213.747711,25120900,-0.350115001
2020-12-04,214.220001,215.380005,213.179993,214.360001,213.867432,24666000,-0.078851536
2020-12-07,214.369995,215.539993,212.990005,214.289993,213.797577,24620000,0.048579246
2020-12-08,213.970001,216.949997,212.889999,216.009995,215.513626,23284100,0.029764548
2020-12-09,215.160004,215.229996,211.210007,211.800003,211.313309,32440600,-0.944612756
2020-12-10,211.770004,213.080002,210.360001,210.520004,210.036255,26733300,-0.911552101
2020-12-11,210.050003,213.320007,209.110001,213.259995,212.769943,30979400,-0.844340578
2020-12-14,213.100006,216.210007,212.880005,214.199997,213.707794,28798400,-0.421606958
2020-12-15,215.169998,215.419998,212.240005,214.130005,213.637955,27018100,-0.834473749
2020-12-16,214.75,220.110001,214.720001,219.279999,218.776123,35023300,-0.501742885
2020-12-17,219.869995,220.889999,217.919998,219.419998,218.915802,32515800,-0.036511526
2020-12-18,218.589996,219.690002,216.020004,218.589996,218.087708,63354900,-0.542711377
2020-12-21,217.550003,224,217.279999,222.589996,222.078506,37181900,-0.059746832
2020-12-22,222.690002,225.630005,221.850006,223.940002,223.425415,22612200,-0.442316264
2020-12-23,223.110001,223.559998,220.800003,221.020004,220.512131,18699600,-0.248523255
2020-12-24,221.419998,223.610001,221.199997,222.75,222.238144,10550600,-0.440711111
2020-12-28,224.449997,226.029999,223.020004,224.960007,224.443069,17933500,0.544928581
2020-12-29,226.309998,227.179993,223.580002,224.149994,223.634918,17403200,-0.373856351
